{"cameraMode":{"drawMode":0,"name":"Shaded","section":"Shading Mode"},"sceneLighting":false,"audioPlay":false,"sceneViewState":{"m_AlwaysRefresh":false,"showFog":true,"showSkybox":false,"showFlares":true,"showImageEffects":true,"showParticleSystems":true,"showVisualEffectGraphs":true,"m_FxEnabled":true},"in2DMode":false,"pivot":{"x":1.2590795755386353,"y":0.015289883129298687,"z":-0.06994432210922241},"rotation":{"x":0.2663346827030182,"y":0.6964244842529297,"z":-0.31597721576690676,"w":0.5867771506309509},"size":0.601341187953949,"orthographic":false}